order_id,product_id,qty
O0000001,P0044,1
O0000002,P0065,1
O0000002,P0085,1
O0000003,P0057,1
O0000003,P0024,1
O0000004,P0102,2
O0000005,P0172,1
O0000006,P0105,1
O0000006,P0196,2
O0000007,P0006,1
O0000007,P0195,1
O0000008,P0034,1
O0000009,P0153,1
O0000009,P0117,1
O0000009,P0027,1
O0000010,P0018,1
O0000011,P0005,2
O0000011,P0118,1
O0000012,P0096,1
O0000013,P0044,1
O0000014,P0098,1
O0000014,P0093,2
O0000015,P0005,2
O0000015,P0061,1
O0000016,P0092,1
O0000016,P0134,1
O0000016,P0075,2
O0000017,P0039,1
O0000017,P0136,1
O0000018,P0084,1
O0000019,P0124,1
O0000019,P0171,1
O0000020,P0086,2
O0000020,P0169,1
O0000021,P0112,1
O0000022,P0069,1
O0000022,P0106,2
O0000022,P0030,1
O0000022,P0187,1
O0000023,P0151,1
O0000023,P0185,2
O0000024,P0153,1
O0000025,P0176,1
O0000025,P0198,1
O0000026,P0042,1
O0000026,P0029,1
O0000026,P0085,1
O0000027,P0071,1
O0000027,P0173,2
O0000027,P0041,1
O0000028,P0063,1
O0000028,P0119,1
O0000029,P0175,1
O0000029,P0100,1
O0000030,P0129,1
O0000030,P0095,2
O0000030,P0148,1
O0000031,P0147,1
O0000031,P0065,1
O0000031,P0093,2
O0000032,P0036,2
O0000032,P0151,2
O0000033,P0157,1
O0000033,P0044,1
O0000034,P0127,1
O0000035,P0007,2
O0000036,P0159,1
O0000036,P0038,1
O0000036,P0105,1
O0000036,P0194,1
O0000037,P0022,1
O0000037,P0054,1
O0000037,P0182,1
O0000037,P0006,1
O0000038,P0190,1
O0000038,P0108,2
O0000038,P0029,1
O0000039,P0043,1
O0000039,P0195,1
O0000040,P0109,1
O0000041,P0062,1
O0000041,P0013,1
O0000042,P0115,1
O0000042,P0192,1
O0000042,P0047,1
O0000043,P0188,2
O0000044,P0015,1
O0000044,P0005,1
O0000044,P0069,1
O0000045,P0002,1
O0000045,P0114,1
O0000046,P0038,2
O0000046,P0094,1
O0000047,P0182,1
O0000047,P0039,1
O0000047,P0020,1
O0000047,P0148,1
O0000048,P0029,1
O0000048,P0163,1
O0000048,P0160,1
O0000049,P0017,1
O0000049,P0116,1
O0000049,P0051,1
O0000050,P0136,1
O0000051,P0149,1
O0000051,P0151,1
O0000051,P0115,1
O0000051,P0179,1
O0000052,P0091,1
O0000053,P0006,1
O0000053,P0180,1
O0000054,P0136,2
O0000054,P0099,1
O0000054,P0069,1
O0000055,P0033,1
O0000056,P0190,1
O0000056,P0193,1
O0000057,P0191,1
O0000057,P0160,2
O0000058,P0055,1
O0000058,P0033,1
O0000059,P0166,1
O0000059,P0002,1
O0000059,P0138,1
O0000059,P0066,1
O0000060,P0015,1
O0000060,P0116,1
O0000060,P0061,1
O0000061,P0159,1
O0000062,P0166,2
O0000063,P0157,1
O0000063,P0121,2
O0000063,P0171,1
O0000063,P0122,1
O0000064,P0023,1
O0000064,P0025,2
O0000065,P0156,1
O0000066,P0099,1
O0000066,P0094,1
O0000067,P0200,1
O0000068,P0112,1
O0000069,P0083,1
O0000069,P0129,1
O0000070,P0109,1
O0000070,P0108,1
O0000071,P0020,1
O0000072,P0029,1
O0000072,P0136,2
O0000073,P0062,2
O0000073,P0142,1
O0000073,P0166,2
O0000074,P0131,2
O0000074,P0003,1
O0000075,P0055,1
O0000075,P0149,2
O0000076,P0163,1
O0000076,P0044,1
O0000077,P0172,1
O0000077,P0113,1
O0000078,P0171,1
O0000078,P0169,2
O0000078,P0155,1
O0000079,P0092,2
O0000080,P0156,1
O0000081,P0005,1
O0000081,P0171,1
O0000082,P0191,1
O0000083,P0039,2
O0000083,P0010,2
O0000084,P0063,1
O0000085,P0009,1
O0000086,P0084,1
O0000086,P0111,1
O0000087,P0029,1
O0000087,P0156,1
O0000087,P0139,1
O0000088,P0099,1
O0000088,P0015,1
O0000089,P0152,1
O0000090,P0035,1
O0000090,P0061,1
O0000090,P0020,1
O0000091,P0058,1
O0000091,P0191,1
O0000092,P0100,1
O0000093,P0188,1
O0000093,P0167,2
O0000094,P0148,1
O0000095,P0086,1
O0000095,P0088,1
O0000096,P0186,1
O0000096,P0192,1
O0000096,P0142,1
O0000097,P0164,1
O0000097,P0141,1
O0000098,P0001,2
O0000098,P0114,1
O0000099,P0091,1
O0000100,P0013,1
O0000101,P0163,1
O0000101,P0136,2
O0000101,P0018,2
O0000101,P0162,1
O0000102,P0052,1
O0000103,P0070,1
O0000103,P0058,1
O0000104,P0027,1
O0000104,P0146,1
O0000105,P0057,1
O0000106,P0124,1
O0000106,P0114,2
O0000106,P0009,1
O0000106,P0192,1
O0000107,P0079,2
O0000108,P0151,1
O0000108,P0059,1
O0000109,P0195,1
O0000109,P0022,1
O0000109,P0178,2
O0000110,P0151,1
O0000110,P0084,1
O0000110,P0180,1
O0000111,P0007,1
O0000111,P0117,1
O0000111,P0145,1
O0000112,P0131,1
O0000112,P0135,1
O0000112,P0169,1
O0000113,P0151,1
O0000113,P0037,1
O0000114,P0068,2
O0000114,P0198,1
O0000114,P0106,1
O0000115,P0192,1
O0000115,P0018,1
O0000115,P0163,2
O0000115,P0023,1
O0000116,P0095,1
O0000116,P0135,1
O0000117,P0189,1
O0000117,P0076,1
O0000118,P0177,1
O0000118,P0185,1
O0000119,P0196,1
O0000120,P0140,1
O0000121,P0015,1
O0000122,P0130,1
O0000122,P0122,1
O0000122,P0175,2
O0000123,P0056,1
O0000123,P0097,1
O0000124,P0014,1
O0000124,P0155,2
O0000124,P0132,1
O0000125,P0166,1
O0000125,P0104,1
O0000125,P0130,2
O0000126,P0004,1
O0000127,P0152,1
O0000128,P0137,1
O0000128,P0147,1
O0000129,P0190,1
O0000129,P0200,1
O0000129,P0169,1
O0000129,P0128,1
O0000130,P0092,1
O0000130,P0077,1
O0000130,P0200,1
O0000131,P0078,1
O0000131,P0178,1
O0000131,P0114,2
O0000132,P0074,1
O0000132,P0125,1
O0000132,P0193,2
O0000133,P0076,1
O0000133,P0084,1
O0000134,P0076,1
O0000135,P0140,1
O0000136,P0167,1
O0000136,P0157,1
O0000137,P0186,1
O0000138,P0067,1
O0000138,P0071,2
O0000138,P0077,1
O0000139,P0075,1
O0000139,P0153,1
O0000140,P0116,1
O0000141,P0084,1
O0000141,P0049,1
O0000141,P0063,2
O0000142,P0027,1
O0000142,P0198,1
O0000143,P0198,1
O0000144,P0105,1
O0000144,P0058,2
O0000144,P0122,2
O0000144,P0122,1
O0000145,P0009,1
O0000145,P0129,1
O0000146,P0076,2
O0000146,P0193,1
O0000147,P0092,1
O0000147,P0152,2
O0000147,P0019,1
O0000147,P0122,1
O0000148,P0142,1
O0000149,P0142,1
O0000149,P0080,1
O0000149,P0088,1
O0000150,P0160,1
O0000150,P0006,1
O0000150,P0113,1
O0000151,P0094,1
O0000152,P0023,1
O0000152,P0019,1
O0000153,P0130,2
O0000153,P0169,1
O0000153,P0181,1
O0000154,P0155,2
O0000154,P0108,1
O0000154,P0136,1
O0000155,P0105,1
O0000155,P0043,2
O0000155,P0033,1
O0000156,P0171,2
O0000157,P0119,1
O0000158,P0158,1
O0000158,P0034,1
O0000159,P0078,1
O0000159,P0100,1
O0000160,P0020,1
O0000160,P0062,1
O0000160,P0002,1
O0000160,P0088,1
O0000161,P0118,1
O0000161,P0068,1
O0000162,P0079,1
O0000163,P0083,1
O0000164,P0147,1
O0000165,P0112,1
O0000166,P0035,1
O0000166,P0148,1
O0000167,P0103,1
O0000168,P0041,2
O0000168,P0122,1
O0000168,P0157,1
O0000169,P0143,1
O0000169,P0032,1
O0000170,P0141,2
O0000170,P0135,2
O0000170,P0122,1
O0000171,P0054,1
O0000171,P0016,2
O0000172,P0010,1
O0000172,P0184,1
O0000173,P0194,1
O0000173,P0166,1
O0000174,P0053,1
O0000174,P0082,1
O0000174,P0034,2
O0000174,P0085,1
O0000175,P0085,1
O0000175,P0129,1
O0000175,P0059,1
O0000176,P0099,1
O0000176,P0025,1
O0000177,P0160,2
O0000177,P0031,1
O0000178,P0074,1
O0000179,P0125,2
O0000179,P0003,1
O0000179,P0086,1
O0000180,P0102,1
O0000180,P0194,1
O0000180,P0121,1
O0000180,P0169,1
O0000181,P0104,2
O0000182,P0062,1
O0000182,P0181,1
O0000183,P0088,1
O0000183,P0121,2
O0000184,P0033,1
O0000184,P0091,1
O0000184,P0141,1
O0000185,P0039,1
O0000186,P0029,1
O0000187,P0105,1
O0000188,P0025,1
O0000189,P0019,2
O0000189,P0193,1
O0000189,P0099,1
O0000190,P0016,1
O0000191,P0072,2
O0000191,P0199,2
O0000192,P0085,1
O0000192,P0188,1
O0000192,P0185,1
O0000193,P0173,1
O0000194,P0180,2
O0000195,P0006,1
O0000195,P0188,1
O0000195,P0037,1
O0000195,P0054,1
O0000196,P0004,1
O0000196,P0175,1
O0000197,P0085,1
O0000198,P0165,2
O0000199,P0170,1
O0000199,P0176,1
O0000199,P0189,1
O0000199,P0190,2
O0000200,P0183,1
O0000201,P0165,1
O0000201,P0015,1
O0000201,P0059,1
O0000202,P0191,2
O0000203,P0194,2
O0000203,P0042,1
O0000204,P0116,1
O0000204,P0159,1
O0000204,P0006,2
O0000205,P0019,1
O0000206,P0166,1
O0000207,P0122,1
O0000207,P0161,1
O0000208,P0104,1
O0000208,P0090,1
O0000209,P0181,2
O0000210,P0158,2
O0000210,P0126,1
O0000211,P0075,1
O0000212,P0110,2
O0000213,P0193,1
O0000213,P0142,1
O0000214,P0122,2
O0000214,P0010,1
O0000214,P0017,1
O0000214,P0015,2
O0000215,P0003,2
O0000216,P0150,2
O0000216,P0056,1
O0000217,P0187,1
O0000218,P0026,1
O0000219,P0103,1
O0000220,P0178,2
O0000220,P0087,2
O0000221,P0061,2
O0000222,P0055,1
O0000222,P0192,1
O0000223,P0003,2
O0000223,P0158,1
O0000223,P0186,1
O0000223,P0141,1
O0000224,P0200,1
O0000225,P0152,2
O0000225,P0069,1
O0000225,P0135,1
O0000226,P0051,2
O0000227,P0054,2
O0000228,P0179,1
O0000229,P0155,2
O0000229,P0012,2
O0000230,P0169,2
O0000231,P0119,1
O0000231,P0113,1
O0000231,P0120,1
O0000232,P0089,1
O0000233,P0106,2
O0000233,P0114,1
O0000234,P0161,2
O0000234,P0031,1
O0000235,P0011,1
O0000236,P0164,1
O0000236,P0121,1
O0000237,P0134,1
O0000238,P0123,2
O0000239,P0045,1
O0000239,P0188,1
O0000239,P0090,2
O0000240,P0072,2
O0000241,P0103,1
O0000241,P0037,1
O0000241,P0101,1
O0000242,P0112,1
O0000243,P0030,1
O0000243,P0038,1
O0000244,P0144,1
O0000245,P0166,1
O0000245,P0181,1
O0000246,P0136,1
O0000246,P0009,1
O0000247,P0021,2
O0000248,P0169,2
O0000248,P0069,1
O0000249,P0019,1
O0000250,P0112,1
O0000250,P0080,1
O0000250,P0018,1
O0000251,P0080,1
O0000251,P0125,1
O0000252,P0133,2
O0000252,P0195,1
O0000253,P0199,1
O0000253,P0116,2
O0000253,P0032,1
O0000254,P0088,1
O0000255,P0176,2
O0000256,P0161,1
O0000257,P0197,2
O0000258,P0072,1
O0000259,P0130,1
O0000259,P0054,1
O0000260,P0103,1
O0000260,P0042,1
O0000261,P0163,2
O0000262,P0102,1
O0000263,P0119,1
O0000264,P0189,2
O0000265,P0115,1
O0000265,P0060,1
O0000266,P0124,1
O0000266,P0049,1
O0000267,P0023,1
O0000268,P0068,1
O0000268,P0035,1
O0000268,P0142,1
O0000269,P0022,1
O0000269,P0158,1
O0000270,P0003,1
O0000270,P0075,1
O0000271,P0010,1
O0000272,P0067,1
O0000273,P0169,2
O0000273,P0176,2
O0000273,P0050,1
O0000274,P0127,1
O0000274,P0197,2
O0000274,P0186,2
O0000274,P0015,1
O0000275,P0122,1
O0000275,P0048,1
O0000275,P0114,1
O0000276,P0006,1
O0000277,P0004,1
O0000278,P0023,1
O0000278,P0173,1
O0000279,P0065,1
O0000279,P0056,1
O0000279,P0191,1
O0000280,P0015,1
O0000281,P0132,1
O0000281,P0091,1
O0000281,P0104,1
O0000282,P0160,1
O0000282,P0009,2
O0000283,P0185,1
O0000283,P0195,1
O0000283,P0039,1
O0000284,P0040,1
O0000284,P0016,1
O0000285,P0081,1
O0000285,P0091,1
O0000286,P0138,1
O0000287,P0181,1
O0000287,P0065,1
O0000287,P0115,2
O0000288,P0050,2
O0000288,P0029,2
O0000288,P0146,2
O0000289,P0180,1
O0000289,P0160,1
O0000289,P0107,1
O0000290,P0161,1
O0000291,P0123,1
O0000291,P0107,1
O0000292,P0011,1
O0000292,P0101,2
O0000292,P0157,1
O0000292,P0148,1
O0000293,P0150,1
O0000293,P0200,2
O0000294,P0143,2
O0000295,P0035,1
O0000295,P0080,1
O0000295,P0116,1
O0000296,P0108,1
O0000297,P0162,1
O0000298,P0148,1
O0000298,P0056,1
O0000299,P0051,1
O0000300,P0095,2
O0000301,P0085,1
O0000301,P0050,1
O0000302,P0158,1
O0000302,P0121,1
O0000303,P0153,1
O0000303,P0094,2
O0000303,P0199,1
O0000303,P0004,1
O0000304,P0063,1
O0000304,P0022,1
O0000304,P0057,1
O0000305,P0182,1
O0000305,P0004,1
O0000305,P0193,1
O0000306,P0048,1
O0000306,P0151,2
O0000307,P0151,2
O0000308,P0006,1
O0000308,P0115,1
O0000309,P0197,1
O0000309,P0192,1
O0000310,P0071,1
O0000310,P0133,1
O0000311,P0161,1
O0000312,P0154,1
O0000312,P0187,1
O0000313,P0085,1
O0000313,P0162,1
O0000314,P0154,1
O0000315,P0194,1
O0000315,P0020,1
O0000315,P0014,1
O0000316,P0117,1
O0000316,P0071,1
O0000317,P0095,1
O0000317,P0136,1
O0000317,P0058,1
O0000318,P0001,1
O0000319,P0159,1
O0000319,P0136,1
O0000320,P0083,1
O0000320,P0188,1
O0000320,P0190,1
O0000320,P0138,1
O0000321,P0018,1
O0000322,P0194,1
O0000323,P0093,1
O0000323,P0066,1
O0000324,P0180,2
O0000324,P0067,2
O0000325,P0127,1
O0000325,P0088,1
O0000326,P0009,1
O0000326,P0107,1
O0000327,P0048,1
O0000327,P0126,2
O0000328,P0060,1
O0000328,P0078,1
O0000329,P0126,1
O0000330,P0118,1
O0000330,P0180,1
O0000330,P0043,1
O0000330,P0126,1
O0000331,P0050,1
O0000332,P0107,1
O0000332,P0088,1
O0000333,P0014,1
O0000334,P0018,1
O0000334,P0077,1
O0000334,P0034,1
O0000334,P0083,1
O0000335,P0041,1
O0000335,P0119,1
O0000335,P0075,2
O0000335,P0127,1
O0000336,P0177,1
O0000336,P0069,1
O0000337,P0137,1
O0000338,P0048,1
O0000338,P0012,1
O0000338,P0193,1
O0000339,P0113,1
O0000340,P0014,1
O0000340,P0064,2
O0000340,P0026,1
O0000341,P0135,1
O0000341,P0055,1
O0000341,P0059,1
O0000341,P0079,1
O0000342,P0184,1
O0000342,P0068,1
O0000343,P0158,1
O0000343,P0151,2
O0000343,P0145,1
O0000344,P0130,1
O0000345,P0072,1
O0000345,P0198,1
O0000345,P0167,1
O0000345,P0048,1
O0000346,P0005,2
O0000347,P0021,1
O0000348,P0178,1
O0000348,P0148,1
O0000348,P0107,1
O0000349,P0071,2
O0000349,P0094,1
O0000350,P0094,1
O0000350,P0073,2
O0000350,P0155,1
O0000351,P0002,1
O0000351,P0091,1
O0000351,P0175,1
O0000352,P0040,1
O0000352,P0036,2
O0000353,P0199,1
O0000354,P0141,1
O0000354,P0101,1
O0000355,P0150,2
O0000356,P0018,2
O0000357,P0115,1
O0000357,P0006,1
O0000358,P0196,2
O0000358,P0067,2
O0000358,P0125,1
O0000358,P0052,1
O0000359,P0198,1
O0000359,P0003,1
O0000359,P0145,2
O0000360,P0127,1
O0000361,P0066,1
O0000361,P0185,1
O0000361,P0022,2
O0000362,P0113,1
O0000362,P0139,1
O0000362,P0164,1
O0000362,P0053,2
O0000363,P0076,1
O0000364,P0168,1
O0000365,P0035,2
O0000366,P0043,1
O0000366,P0045,1
O0000367,P0121,1
O0000368,P0169,1
O0000368,P0064,2
O0000369,P0015,1
O0000369,P0044,2
O0000369,P0042,1
O0000370,P0187,1
O0000370,P0085,2
O0000371,P0004,2
O0000371,P0071,1
O0000371,P0029,1
O0000371,P0169,1
O0000372,P0006,1
O0000372,P0167,2
O0000373,P0194,1
O0000374,P0081,1
O0000374,P0093,1
O0000375,P0155,1
O0000375,P0135,1
O0000375,P0139,1
O0000375,P0114,1
O0000376,P0103,1
O0000377,P0032,1
O0000378,P0114,1
O0000378,P0087,2
O0000378,P0051,1
O0000379,P0040,2
O0000380,P0135,1
O0000380,P0001,1
O0000380,P0153,1
O0000381,P0006,2
O0000381,P0095,1
O0000382,P0125,1
O0000382,P0016,2
O0000382,P0143,2
O0000383,P0150,2
O0000383,P0146,1
O0000384,P0178,1
O0000385,P0072,1
O0000385,P0138,1
O0000386,P0049,1
O0000387,P0198,1
O0000387,P0107,1
O0000387,P0138,2
O0000388,P0039,1
O0000388,P0058,1
O0000389,P0199,1
O0000389,P0170,1
O0000389,P0045,1
O0000390,P0028,1
O0000390,P0089,2
O0000391,P0092,2
O0000391,P0073,1
O0000392,P0005,1
O0000393,P0057,1
O0000394,P0080,1
O0000395,P0029,1
O0000395,P0055,2
O0000395,P0151,2
O0000396,P0057,1
O0000396,P0146,1
O0000397,P0154,1
O0000397,P0133,1
O0000398,P0136,2
O0000398,P0147,1
O0000398,P0156,1
O0000399,P0196,2
O0000399,P0084,1
O0000400,P0050,1
O0000400,P0086,1
O0000401,P0076,1
O0000401,P0193,1
O0000401,P0008,1
O0000401,P0188,2
O0000402,P0186,1
O0000402,P0155,1
O0000403,P0109,1
O0000403,P0033,2
O0000403,P0102,2
O0000404,P0174,2
O0000404,P0165,1
O0000405,P0121,1
O0000406,P0197,1
O0000406,P0127,2
O0000406,P0143,1
O0000407,P0195,1
O0000407,P0156,1
O0000407,P0191,1
O0000407,P0094,1
O0000408,P0003,1
O0000408,P0052,1
O0000409,P0044,1
O0000409,P0060,1
O0000410,P0058,1
O0000410,P0095,1
O0000411,P0142,1
O0000411,P0134,1
O0000411,P0019,2
O0000411,P0190,1
O0000412,P0005,2
O0000412,P0177,1
O0000412,P0179,1
O0000412,P0123,1
O0000413,P0026,2
O0000414,P0114,1
O0000414,P0184,1
O0000414,P0108,2
O0000415,P0018,1
O0000415,P0173,2
O0000416,P0009,1
O0000417,P0090,1
O0000417,P0130,2
O0000418,P0122,1
O0000419,P0042,1
O0000419,P0109,1
O0000419,P0070,1
O0000420,P0084,1
O0000421,P0072,1
O0000421,P0109,1
O0000421,P0068,1
O0000422,P0089,1
O0000422,P0031,1
O0000422,P0122,1
O0000422,P0019,1
O0000423,P0071,2
O0000424,P0175,1
O0000424,P0037,1
O0000424,P0094,1
O0000425,P0019,1
O0000425,P0093,1
O0000426,P0153,1
O0000426,P0053,1
O0000426,P0075,1
O0000426,P0132,1
O0000427,P0046,1
O0000427,P0159,1
O0000427,P0036,1
O0000428,P0132,1
O0000428,P0130,1
O0000429,P0167,1
O0000429,P0044,1
O0000429,P0091,2
O0000429,P0090,1
O0000430,P0147,1
O0000431,P0121,2
O0000431,P0108,1
O0000432,P0041,1
O0000432,P0122,1
O0000432,P0103,1
O0000433,P0097,1
O0000434,P0038,1
O0000434,P0193,2
O0000434,P0114,1
O0000434,P0163,1
O0000435,P0011,1
O0000435,P0187,1
O0000435,P0078,2
O0000436,P0070,1
O0000436,P0043,1
O0000437,P0104,1
O0000438,P0089,2
O0000439,P0118,1
O0000440,P0005,1
O0000440,P0154,1
O0000441,P0032,2
O0000441,P0047,1
O0000441,P0184,1
O0000442,P0090,1
O0000442,P0050,1
O0000443,P0099,2
O0000443,P0186,2
O0000444,P0156,1
O0000445,P0095,1
O0000446,P0079,1
O0000446,P0183,1
O0000446,P0058,1
O0000446,P0168,2
O0000447,P0186,1
O0000448,P0072,1
O0000449,P0174,1
O0000449,P0074,1
O0000449,P0173,1
O0000450,P0138,1
O0000450,P0102,1
O0000451,P0048,1
O0000452,P0190,2
O0000452,P0028,2
O0000452,P0114,1
O0000452,P0020,1
O0000453,P0088,1
O0000453,P0070,1
O0000454,P0041,1
O0000455,P0112,2
O0000455,P0096,1
O0000455,P0006,2
O0000456,P0139,1
O0000457,P0030,2
O0000457,P0131,2
O0000458,P0200,1
O0000458,P0161,1
O0000458,P0054,1
O0000459,P0175,2
O0000459,P0010,1
O0000459,P0019,1
O0000459,P0009,2
O0000460,P0135,1
O0000460,P0061,1
O0000461,P0014,1
O0000462,P0002,2
O0000462,P0150,2
O0000463,P0188,1
O0000463,P0045,1
O0000463,P0020,1
O0000463,P0026,1
O0000464,P0187,1
O0000464,P0196,1
O0000465,P0039,1
O0000465,P0151,1
O0000466,P0153,1
O0000467,P0116,1
O0000467,P0181,1
O0000468,P0125,1
O0000468,P0139,1
O0000468,P0025,1
O0000469,P0159,1
O0000469,P0174,1
O0000470,P0155,1
O0000471,P0100,1
O0000471,P0063,1
O0000472,P0115,1
O0000472,P0047,1
O0000473,P0142,1
O0000473,P0023,1
O0000474,P0016,1
O0000475,P0148,1
O0000476,P0131,1
O0000476,P0006,1
O0000476,P0029,2
O0000477,P0004,1
O0000477,P0193,1
O0000478,P0114,1
O0000478,P0008,2
O0000478,P0048,1
O0000478,P0084,1
O0000479,P0016,1
O0000479,P0047,1
O0000479,P0031,2
O0000480,P0096,1
O0000480,P0122,1
O0000481,P0029,1
O0000482,P0076,1
O0000482,P0068,1
O0000483,P0119,1
O0000484,P0171,1
O0000484,P0034,1
O0000484,P0006,1
O0000484,P0049,2
O0000485,P0188,1
O0000486,P0051,1
O0000487,P0009,1
O0000488,P0133,2
O0000488,P0110,2
O0000489,P0192,2
O0000489,P0016,1
O0000489,P0187,1
O0000490,P0184,1
O0000491,P0193,1
O0000491,P0084,1
O0000492,P0128,1
O0000493,P0163,1
O0000493,P0138,1
O0000494,P0175,1
O0000495,P0092,2
O0000495,P0035,1
O0000496,P0062,1
O0000496,P0033,2
O0000497,P0143,1
O0000498,P0085,1
O0000498,P0106,1
O0000499,P0163,1
O0000499,P0123,1
O0000500,P0115,2
O0000500,P0117,1
O0000501,P0101,1
O0000501,P0138,1
O0000502,P0080,1
O0000502,P0148,1
O0000502,P0136,1
O0000503,P0109,1
O0000503,P0095,1
O0000504,P0008,2
O0000504,P0141,1
O0000504,P0088,1
O0000504,P0059,1
O0000505,P0081,2
O0000505,P0175,1
O0000505,P0060,1
O0000505,P0169,1
O0000506,P0052,1
O0000506,P0076,1
O0000506,P0120,1
O0000507,P0182,1
O0000507,P0036,1
O0000507,P0077,1
O0000507,P0099,1
O0000508,P0069,1
O0000508,P0141,2
O0000508,P0200,1
O0000508,P0011,1
O0000509,P0008,1
O0000510,P0159,1
O0000510,P0062,1
O0000510,P0140,1
O0000510,P0139,1
O0000511,P0145,1
O0000512,P0155,1
O0000513,P0077,1
O0000513,P0141,1
O0000513,P0105,1
O0000513,P0086,1
O0000514,P0110,1
O0000515,P0172,1
O0000515,P0058,2
O0000516,P0088,1
O0000516,P0158,1
O0000516,P0141,1
O0000516,P0008,2
O0000517,P0197,1
O0000518,P0107,2
O0000519,P0120,1
O0000519,P0064,1
O0000520,P0052,1
O0000520,P0134,2
O0000520,P0071,1
O0000521,P0182,1
O0000521,P0022,1
O0000521,P0191,1
O0000522,P0079,1
O0000522,P0037,1
O0000522,P0184,1
O0000523,P0169,1
O0000524,P0188,1
O0000524,P0148,1
O0000525,P0095,1
O0000525,P0115,2
O0000525,P0197,1
O0000526,P0173,1
O0000526,P0122,2
O0000526,P0058,1
O0000527,P0165,1
O0000528,P0167,1
O0000529,P0003,1
O0000530,P0077,2
O0000530,P0075,1
O0000530,P0093,2
O0000531,P0038,1
O0000531,P0174,2
O0000531,P0121,2
O0000531,P0049,1
O0000532,P0034,1
O0000533,P0154,1
O0000534,P0130,1
O0000534,P0123,1
O0000535,P0056,1
O0000535,P0100,2
O0000535,P0135,1
O0000535,P0116,1
O0000536,P0036,1
O0000536,P0168,2
O0000536,P0026,1
O0000536,P0084,2
O0000537,P0075,1
O0000537,P0090,1
O0000538,P0121,2
O0000539,P0099,1
O0000540,P0069,1
O0000540,P0016,2
O0000541,P0075,2
O0000541,P0097,1
O0000541,P0137,2
O0000541,P0150,1
O0000542,P0005,1
O0000543,P0120,1
O0000543,P0043,2
O0000543,P0098,1
O0000544,P0030,2
O0000545,P0074,1
O0000545,P0128,1
O0000546,P0032,1
O0000546,P0017,1
O0000546,P0108,1
O0000547,P0067,1
O0000547,P0127,1
O0000548,P0154,2
O0000548,P0012,1
O0000548,P0037,1
O0000549,P0170,2
O0000549,P0057,1
O0000549,P0012,1
O0000550,P0174,1
O0000551,P0155,2
O0000551,P0078,1
O0000552,P0007,1
O0000552,P0038,1
O0000552,P0176,1
O0000553,P0042,1
O0000554,P0123,1
O0000554,P0155,2
O0000555,P0138,2
O0000555,P0042,2
O0000555,P0186,1
O0000555,P0107,1
O0000556,P0041,1
O0000556,P0009,1
O0000556,P0108,1
O0000557,P0174,2
O0000557,P0105,1
O0000557,P0093,2
O0000558,P0082,1
O0000559,P0182,1
O0000559,P0093,1
O0000559,P0119,1
O0000560,P0121,1
O0000560,P0187,1
O0000560,P0013,1
O0000560,P0086,1
O0000561,P0016,1
O0000561,P0173,1
O0000562,P0032,1
O0000563,P0168,1
O0000563,P0090,1
O0000564,P0095,1
O0000564,P0172,1
O0000564,P0106,1
O0000565,P0118,1
O0000565,P0175,1
O0000565,P0113,2
O0000566,P0070,1
O0000567,P0188,1
O0000568,P0035,2
O0000568,P0075,1
O0000568,P0188,1
O0000569,P0037,1
O0000569,P0022,2
O0000570,P0141,1
O0000570,P0144,1
O0000571,P0086,1
O0000571,P0060,2
O0000572,P0042,1
O0000572,P0141,1
O0000573,P0191,1
O0000574,P0160,1
O0000575,P0023,1
O0000575,P0171,1
O0000576,P0160,1
O0000577,P0102,2
O0000577,P0156,1
O0000577,P0161,2
O0000578,P0154,2
O0000578,P0081,1
O0000578,P0170,2
O0000579,P0029,2
O0000579,P0130,2
O0000579,P0102,1
O0000580,P0162,2
O0000580,P0114,1
O0000580,P0110,1
O0000580,P0166,1
O0000581,P0012,2
O0000582,P0180,1
O0000583,P0149,1
O0000584,P0091,1
O0000584,P0040,1
O0000584,P0195,1
O0000585,P0101,1
O0000585,P0177,1
O0000586,P0154,1
O0000587,P0052,1
O0000588,P0062,1
O0000588,P0069,2
O0000588,P0110,1
O0000589,P0061,1
O0000589,P0084,1
O0000590,P0046,1
O0000590,P0072,1
O0000591,P0107,1
O0000591,P0157,1
O0000591,P0050,1
O0000591,P0105,2
O0000592,P0002,1
O0000592,P0192,2
O0000592,P0066,1
O0000593,P0102,1
O0000594,P0171,1
O0000594,P0138,2
O0000595,P0109,1
O0000595,P0181,1
O0000596,P0092,1
O0000596,P0028,1
O0000596,P0128,1
O0000597,P0002,1
O0000598,P0157,2
O0000598,P0052,1
O0000599,P0142,1
O0000599,P0028,1
O0000600,P0001,1
O0000600,P0187,2
O0000600,P0044,2
O0000600,P0080,1
O0000601,P0085,1
O0000601,P0171,1
O0000601,P0017,1
O0000602,P0182,1
O0000602,P0015,1
O0000603,P0048,2
O0000603,P0046,1
O0000604,P0177,2
O0000604,P0164,1
O0000604,P0014,1
O0000605,P0131,1
O0000605,P0100,1
O0000605,P0134,1
O0000606,P0126,1
O0000606,P0022,1
O0000606,P0022,1
O0000607,P0164,2
O0000607,P0091,1
O0000607,P0199,2
O0000608,P0178,1
O0000608,P0076,1
O0000608,P0080,2
O0000609,P0197,2
O0000610,P0113,2
O0000611,P0035,2
O0000611,P0009,1
O0000612,P0157,1
O0000612,P0027,1
O0000613,P0185,2
O0000614,P0089,2
O0000615,P0059,1
O0000615,P0170,1
O0000616,P0181,1
O0000616,P0038,2
O0000616,P0089,1
O0000616,P0132,1
O0000617,P0107,2
O0000617,P0180,1
O0000618,P0044,1
O0000619,P0023,2
O0000620,P0070,2
O0000621,P0077,1
O0000621,P0069,1
O0000621,P0188,1
O0000621,P0132,1
O0000622,P0131,1
O0000622,P0023,2
O0000622,P0037,1
O0000622,P0018,1
O0000623,P0099,2
O0000623,P0005,1
O0000624,P0041,1
O0000624,P0092,1
O0000625,P0166,1
O0000625,P0175,2
O0000625,P0123,1
O0000626,P0082,1
O0000627,P0072,1
O0000627,P0140,1
O0000628,P0158,1
O0000628,P0006,1
O0000629,P0189,1
O0000629,P0200,2
O0000629,P0119,1
O0000630,P0192,1
O0000630,P0111,2
O0000630,P0112,1
O0000631,P0069,1
O0000631,P0139,1
O0000632,P0190,1
O0000632,P0121,1
O0000632,P0145,1
O0000632,P0077,2
O0000633,P0020,1
O0000633,P0095,1
O0000634,P0154,1
O0000634,P0092,1
O0000634,P0187,2
O0000635,P0153,2
O0000635,P0112,1
O0000636,P0018,2
O0000637,P0157,2
O0000638,P0067,1
O0000638,P0035,1
O0000638,P0102,2
O0000638,P0015,2
O0000639,P0051,2
O0000640,P0131,1
O0000640,P0021,1
O0000641,P0189,2
O0000641,P0003,1
O0000642,P0181,1
O0000642,P0035,1
O0000643,P0178,1
O0000643,P0008,1
O0000644,P0176,1
O0000645,P0003,1
O0000646,P0054,2
O0000647,P0112,2
O0000648,P0130,1
O0000649,P0161,1
O0000649,P0200,1
O0000650,P0140,1
O0000651,P0019,1
O0000652,P0146,2
O0000652,P0178,2
O0000653,P0085,2
O0000654,P0022,2
O0000654,P0030,1
O0000654,P0082,1
O0000654,P0134,2
O0000655,P0129,1
O0000655,P0137,1
O0000656,P0052,1
O0000656,P0029,1
O0000656,P0062,2
O0000656,P0029,1
O0000657,P0133,1
O0000658,P0022,1
O0000659,P0177,2
O0000659,P0119,2
O0000660,P0136,1
O0000661,P0115,2
O0000661,P0082,1
O0000662,P0108,1
O0000662,P0068,1
O0000663,P0040,1
O0000663,P0091,1
O0000664,P0152,1
O0000664,P0076,1
O0000664,P0141,1
O0000665,P0178,1
O0000666,P0173,1
O0000666,P0132,1
O0000667,P0090,1
O0000667,P0191,1
O0000668,P0065,2
O0000668,P0155,1
O0000669,P0191,2
O0000670,P0106,1
O0000670,P0102,1
O0000671,P0139,2
O0000671,P0042,1
O0000672,P0086,2
O0000672,P0092,1
O0000672,P0166,1
O0000672,P0198,1
O0000673,P0089,1
O0000673,P0062,1
O0000673,P0132,2
O0000674,P0034,1
O0000675,P0026,1
O0000675,P0117,2
O0000676,P0054,1
O0000676,P0155,1
O0000676,P0167,2
O0000677,P0021,2
O0000677,P0054,2
O0000678,P0184,1
O0000678,P0098,1
O0000679,P0063,1
O0000679,P0042,2
O0000680,P0110,2
O0000680,P0154,1
O0000681,P0197,1
O0000682,P0148,1
O0000682,P0200,1
O0000682,P0116,1
O0000683,P0181,1
O0000683,P0128,1
O0000684,P0197,2
O0000685,P0196,1
O0000685,P0107,1
O0000686,P0005,1
O0000687,P0144,1
O0000688,P0137,1
O0000688,P0025,1
O0000688,P0185,2
O0000689,P0166,1
O0000689,P0136,1
O0000689,P0128,1
O0000690,P0065,2
O0000690,P0159,1
O0000691,P0033,1
O0000691,P0183,1
O0000691,P0124,2
O0000692,P0128,1
O0000692,P0197,1
O0000693,P0082,2
O0000694,P0036,1
O0000694,P0084,2
O0000695,P0152,1
O0000696,P0189,2
O0000696,P0028,1
O0000696,P0060,2
O0000697,P0094,1
O0000697,P0079,2
O0000698,P0114,1
O0000698,P0073,1
O0000699,P0124,1
O0000699,P0039,1
O0000700,P0159,1
O0000700,P0001,1
O0000700,P0013,1
O0000701,P0194,1
O0000701,P0042,1
O0000701,P0165,2
O0000702,P0185,2
O0000703,P0035,1
O0000704,P0037,1
O0000704,P0075,1
O0000704,P0127,2
O0000705,P0020,1
O0000705,P0194,2
O0000706,P0151,1
O0000706,P0183,1
O0000707,P0057,2
O0000708,P0178,1
O0000708,P0166,1
O0000709,P0047,1
O0000710,P0108,1
O0000710,P0093,2
O0000710,P0128,1
O0000711,P0158,1
O0000712,P0196,1
O0000712,P0093,1
O0000713,P0122,1
O0000714,P0043,1
O0000714,P0118,1
O0000715,P0155,1
O0000715,P0082,1
O0000715,P0064,1
O0000715,P0006,1
O0000716,P0096,1
O0000717,P0031,1
O0000718,P0087,2
O0000718,P0157,1
O0000719,P0131,1
O0000719,P0097,1
O0000719,P0103,1
O0000720,P0108,1
O0000720,P0148,1
O0000720,P0058,1
O0000720,P0057,1
O0000721,P0071,2
O0000722,P0004,1
O0000722,P0042,1
O0000722,P0102,1
O0000723,P0034,1
O0000723,P0018,1
O0000724,P0097,1
O0000725,P0193,1
O0000726,P0112,2
O0000726,P0153,1
O0000726,P0173,1
O0000726,P0142,2
O0000727,P0011,1
O0000727,P0121,1
O0000727,P0180,1
O0000728,P0008,1
O0000729,P0060,1
O0000729,P0042,1
O0000729,P0144,1
O0000729,P0167,1
O0000730,P0101,2
O0000731,P0095,2
O0000732,P0042,1
O0000732,P0146,1
O0000733,P0121,1
O0000733,P0135,2
O0000733,P0132,1
O0000733,P0096,1
O0000734,P0030,1
O0000734,P0178,1
O0000735,P0045,2
O0000735,P0031,1
O0000735,P0046,1
O0000736,P0182,1
O0000736,P0046,1
O0000736,P0005,1
O0000736,P0010,1
O0000737,P0110,1
O0000738,P0151,2
O0000739,P0007,1
O0000740,P0058,1
O0000740,P0047,1
O0000740,P0092,1
O0000741,P0021,2
O0000741,P0159,1
O0000742,P0155,1
O0000743,P0157,1
O0000743,P0138,2
O0000744,P0072,1
O0000744,P0137,1
O0000745,P0139,1
O0000745,P0150,1
O0000746,P0104,1
O0000746,P0090,1
O0000746,P0050,1
O0000747,P0101,1
O0000748,P0168,1
O0000748,P0066,1
O0000749,P0191,1
O0000750,P0147,1
O0000750,P0116,1
O0000750,P0016,1
O0000751,P0132,1
O0000751,P0049,2
O0000752,P0038,1
O0000752,P0135,2
O0000752,P0183,2
O0000753,P0014,2
O0000754,P0085,1
O0000754,P0034,1
O0000755,P0149,1
O0000755,P0127,1
O0000755,P0164,1
O0000756,P0063,1
O0000756,P0042,1
O0000756,P0177,2
O0000757,P0071,1
O0000757,P0085,1
O0000757,P0138,1
O0000758,P0021,1
O0000759,P0113,1
O0000760,P0063,2
O0000760,P0089,2
O0000761,P0077,2
O0000761,P0127,1
O0000762,P0119,1
O0000763,P0050,2
O0000763,P0027,2
O0000764,P0136,2
O0000764,P0158,1
O0000765,P0123,1
O0000765,P0199,1
O0000766,P0030,1
O0000767,P0018,1
O0000767,P0023,1
O0000767,P0038,1
O0000767,P0105,1
O0000768,P0030,1
O0000768,P0119,1
O0000769,P0030,1
O0000769,P0200,2
O0000770,P0074,2
O0000770,P0071,2
O0000770,P0167,1
O0000770,P0017,1
O0000771,P0069,1
O0000772,P0106,1
O0000772,P0180,1
O0000773,P0079,1
O0000773,P0141,1
O0000773,P0007,1
O0000774,P0068,1
O0000774,P0060,1
O0000775,P0105,1
O0000775,P0174,2
O0000775,P0035,1
O0000776,P0029,1
O0000776,P0100,1
O0000776,P0119,1
O0000777,P0034,1
O0000778,P0136,1
O0000779,P0194,2
O0000779,P0004,1
O0000780,P0066,1
O0000780,P0094,2
O0000781,P0057,1
O0000782,P0093,1
O0000783,P0132,1
O0000783,P0085,2
O0000783,P0194,1
O0000784,P0148,1
O0000784,P0113,1
O0000785,P0097,1
O0000786,P0055,1
O0000786,P0006,1
O0000786,P0029,1
O0000786,P0080,1
O0000787,P0100,1
O0000787,P0133,1
O0000787,P0165,1
O0000788,P0137,2
O0000788,P0037,1
O0000789,P0167,1
O0000789,P0063,1
O0000789,P0185,2
O0000790,P0040,1
O0000790,P0064,1
O0000791,P0122,2
O0000791,P0131,2
O0000792,P0043,1
O0000793,P0125,1
O0000794,P0025,2
O0000795,P0055,1
O0000796,P0106,1
O0000796,P0036,1
O0000797,P0108,1
O0000797,P0186,1
O0000798,P0103,1
O0000799,P0019,2
O0000799,P0187,1
O0000799,P0144,2
O0000800,P0094,1
O0000800,P0099,1
O0000801,P0130,1
O0000801,P0128,1
O0000802,P0193,1
O0000802,P0059,1
O0000802,P0048,1
O0000802,P0126,1
O0000803,P0003,1
O0000803,P0154,1
O0000803,P0092,1
O0000803,P0142,1
O0000804,P0115,1
O0000805,P0152,1
O0000805,P0163,1
O0000806,P0116,1
O0000806,P0006,1
O0000806,P0190,1
O0000807,P0036,1
O0000808,P0029,2
O0000809,P0141,1
O0000810,P0136,1
O0000811,P0143,2
O0000811,P0033,2
O0000811,P0089,1
O0000811,P0144,1
O0000812,P0085,1
O0000812,P0180,1
O0000812,P0101,1
O0000813,P0081,1
O0000814,P0162,1
O0000814,P0034,1
O0000814,P0127,2
O0000815,P0171,2
O0000816,P0189,1
O0000816,P0105,1
O0000817,P0022,1
O0000818,P0051,1
O0000819,P0004,2
O0000820,P0177,1
O0000820,P0167,1
O0000820,P0200,1
O0000821,P0001,1
O0000822,P0169,1
O0000822,P0178,2
O0000822,P0017,2
O0000823,P0008,1
O0000824,P0067,1
O0000824,P0093,1
O0000825,P0118,1
O0000825,P0086,1
O0000825,P0066,1
O0000826,P0002,1
O0000827,P0017,1
O0000827,P0073,1
O0000828,P0161,1
O0000828,P0182,1
O0000829,P0108,1
O0000830,P0198,2
O0000831,P0107,1
O0000831,P0134,1
O0000832,P0180,1
O0000833,P0101,1
O0000834,P0045,1
O0000834,P0001,2
O0000834,P0080,1
O0000835,P0051,2
O0000835,P0139,1
O0000835,P0022,1
O0000835,P0162,1
O0000836,P0129,2
O0000837,P0077,1
O0000837,P0049,1
O0000837,P0110,2
O0000838,P0049,1
O0000838,P0170,1
O0000838,P0092,1
O0000838,P0177,2
O0000839,P0013,1
O0000840,P0094,1
O0000840,P0196,1
O0000841,P0142,1
O0000842,P0164,2
O0000842,P0184,1
O0000842,P0069,1
O0000843,P0046,1
O0000844,P0015,1
O0000845,P0087,1
O0000845,P0136,1
O0000846,P0122,1
O0000846,P0184,1
O0000846,P0011,1
O0000847,P0199,1
O0000847,P0151,1
O0000848,P0173,2
O0000848,P0110,1
O0000849,P0105,2
O0000849,P0155,2
O0000849,P0031,1
O0000849,P0175,1
O0000850,P0104,1
O0000850,P0066,2
O0000850,P0108,2
O0000851,P0112,2
O0000851,P0061,2
O0000851,P0008,1
O0000852,P0065,1
O0000852,P0153,2
O0000852,P0017,1
O0000852,P0158,1
O0000853,P0152,1
O0000853,P0115,1
O0000853,P0052,1
O0000854,P0063,1
O0000854,P0061,1
O0000854,P0077,1
O0000855,P0186,1
O0000855,P0119,2
O0000855,P0090,2
O0000855,P0032,1
O0000856,P0109,1
O0000856,P0035,1
O0000856,P0016,1
O0000857,P0137,1
O0000857,P0019,1
O0000858,P0168,1
O0000858,P0040,1
O0000859,P0174,2
O0000860,P0109,1
O0000861,P0131,1
O0000861,P0154,1
O0000861,P0101,1
O0000862,P0072,1
O0000862,P0070,1
O0000863,P0005,1
O0000863,P0027,1
O0000863,P0172,1
O0000864,P0038,1
O0000864,P0200,1
O0000864,P0089,2
O0000864,P0071,1
O0000865,P0078,1
O0000865,P0128,2
O0000866,P0169,1
O0000867,P0058,2
O0000867,P0157,1
O0000868,P0179,1
O0000869,P0198,1
O0000869,P0096,1
O0000870,P0063,1
O0000870,P0019,1
O0000871,P0155,1
O0000871,P0094,1
O0000871,P0114,1
O0000872,P0053,1
O0000872,P0097,1
O0000873,P0173,1
O0000874,P0011,1
O0000875,P0120,1
O0000875,P0105,1
O0000876,P0010,1
O0000876,P0086,1
O0000877,P0020,1
O0000877,P0147,1
O0000878,P0088,1
O0000879,P0130,1
O0000879,P0168,1
O0000879,P0146,1
O0000880,P0082,1
O0000880,P0002,1
O0000880,P0047,1
O0000880,P0177,1
O0000881,P0119,1
O0000882,P0151,1
O0000882,P0047,1
O0000882,P0079,1
O0000883,P0124,2
O0000884,P0089,1
O0000884,P0173,1
O0000884,P0082,1
O0000885,P0021,1
O0000885,P0175,2
O0000886,P0032,2
O0000886,P0019,1
O0000887,P0146,1
O0000888,P0024,1
O0000888,P0175,2
O0000888,P0106,1
O0000889,P0158,1
O0000890,P0093,1
O0000890,P0085,1
O0000890,P0149,1
O0000890,P0048,1
O0000891,P0194,2
O0000892,P0173,1
O0000893,P0129,1
O0000893,P0022,1
O0000894,P0056,1
O0000894,P0168,1
O0000894,P0038,2
O0000895,P0019,2
O0000895,P0147,1
O0000896,P0194,2
O0000897,P0093,1
O0000897,P0114,1
O0000897,P0114,1
O0000898,P0175,1
O0000898,P0058,2
O0000899,P0185,1
O0000900,P0176,1
O0000900,P0045,1
O0000901,P0028,1
O0000901,P0060,1
O0000902,P0005,1
O0000902,P0146,1
O0000903,P0165,1
O0000903,P0025,1
O0000903,P0166,1
O0000904,P0129,2
O0000904,P0168,2
O0000904,P0183,1
O0000905,P0095,1
O0000905,P0167,2
O0000905,P0095,2
O0000906,P0076,1
O0000906,P0153,1
O0000907,P0151,2
O0000908,P0171,2
O0000908,P0125,1
O0000908,P0048,1
O0000909,P0038,1
O0000909,P0090,2
O0000909,P0024,1
O0000909,P0133,1
O0000910,P0188,1
O0000911,P0145,2
O0000911,P0165,1
O0000912,P0015,1
O0000912,P0194,1
O0000912,P0020,2
O0000913,P0158,1
O0000913,P0144,2
O0000914,P0044,1
O0000914,P0187,1
O0000914,P0132,1
O0000914,P0159,1
O0000915,P0154,1
O0000915,P0041,1
O0000916,P0076,1
O0000916,P0130,1
O0000917,P0008,1
O0000918,P0078,1
O0000918,P0152,1
O0000918,P0107,1
O0000918,P0040,1
O0000919,P0105,1
O0000920,P0153,1
O0000920,P0062,2
O0000920,P0058,1
O0000920,P0071,2
O0000921,P0160,2
O0000922,P0117,1
O0000923,P0087,1
O0000923,P0174,1
O0000924,P0103,2
O0000924,P0154,1
O0000925,P0042,1
O0000925,P0007,1
O0000926,P0056,1
O0000926,P0175,1
O0000927,P0178,1
O0000927,P0173,1
O0000928,P0068,1
O0000928,P0044,1
O0000928,P0153,1
O0000928,P0052,1
O0000929,P0146,1
O0000929,P0135,1
O0000929,P0022,2
O0000929,P0004,1
O0000930,P0157,1
O0000931,P0118,1
O0000931,P0168,1
O0000932,P0180,1
O0000932,P0114,1
O0000932,P0060,1
O0000933,P0169,1
O0000933,P0073,1
O0000934,P0015,1
O0000935,P0123,2
O0000935,P0077,2
O0000936,P0057,1
O0000936,P0094,1
O0000936,P0099,1
O0000937,P0163,1
O0000938,P0090,1
O0000939,P0019,1
O0000940,P0149,2
O0000940,P0141,1
O0000940,P0021,1
O0000941,P0088,1
O0000941,P0026,1
O0000941,P0056,1
O0000942,P0031,1
O0000943,P0030,1
O0000943,P0024,2
O0000943,P0096,1
O0000944,P0158,1
O0000944,P0121,1
O0000945,P0154,1
O0000945,P0102,1
O0000946,P0082,2
O0000946,P0105,1
O0000947,P0054,1
O0000947,P0113,1
O0000948,P0124,1
O0000948,P0076,1
O0000948,P0021,2
O0000949,P0151,1
O0000949,P0126,2
O0000950,P0028,1
O0000951,P0124,1
O0000952,P0081,1
O0000952,P0079,1
O0000952,P0023,1
O0000952,P0187,1
O0000953,P0181,1
O0000954,P0053,1
O0000954,P0162,1
O0000954,P0068,1
O0000955,P0105,1
O0000955,P0012,2
O0000956,P0130,1
O0000957,P0025,1
O0000957,P0088,2
O0000957,P0095,1
O0000958,P0125,2
O0000958,P0196,1
O0000958,P0172,1
O0000958,P0162,1
O0000959,P0134,2
O0000960,P0095,1
O0000961,P0039,2
O0000961,P0127,1
O0000961,P0178,1
O0000962,P0024,1
O0000962,P0005,1
O0000963,P0054,1
O0000963,P0054,2
O0000964,P0010,2
O0000964,P0082,1
O0000965,P0075,1
O0000965,P0094,1
O0000966,P0107,2
O0000967,P0069,1
O0000967,P0006,1
O0000968,P0016,1
O0000969,P0060,1
O0000969,P0142,1
O0000969,P0033,1
O0000970,P0101,2
O0000970,P0197,1
O0000971,P0168,1
O0000971,P0040,1
O0000971,P0009,1
O0000972,P0091,1
O0000972,P0195,1
O0000972,P0048,2
O0000972,P0193,1
O0000973,P0010,1
O0000973,P0006,1
O0000973,P0200,1
O0000973,P0062,1
O0000974,P0031,2
O0000974,P0006,1
O0000975,P0095,2
O0000976,P0034,1
O0000976,P0093,1
O0000977,P0067,1
O0000977,P0190,1
O0000978,P0012,1
O0000978,P0038,1
O0000978,P0135,1
O0000979,P0064,1
O0000980,P0119,2
O0000980,P0120,1
O0000980,P0123,1
O0000980,P0077,1
O0000981,P0132,1
O0000982,P0021,1
O0000982,P0078,1
O0000983,P0164,1
O0000983,P0135,1
O0000984,P0077,1
O0000984,P0163,1
O0000985,P0125,1
O0000985,P0177,2
O0000986,P0097,1
O0000987,P0121,1
O0000987,P0139,1
O0000987,P0103,1
O0000987,P0089,1
O0000988,P0103,1
O0000988,P0024,1
O0000988,P0022,1
O0000988,P0171,1
O0000989,P0179,1
O0000989,P0177,2
O0000990,P0122,2
O0000991,P0120,2
O0000992,P0022,1
O0000993,P0079,1
O0000993,P0018,1
O0000994,P0044,1
O0000994,P0109,1
O0000995,P0032,1
O0000995,P0186,1
O0000996,P0056,1
O0000996,P0074,1
O0000997,P0009,2
O0000997,P0191,2
O0000997,P0089,1
O0000998,P0121,2
O0000999,P0132,1
O0000999,P0038,1
O0001000,P0100,1
O0001000,P0042,1
O0001000,P0135,1
O0001001,P0170,1
O0001001,P0118,2
O0001001,P0060,2
O0001001,P0090,1
O0001002,P0148,1
O0001002,P0191,2
O0001002,P0124,1
O0001003,P0125,1
O0001003,P0111,1
O0001004,P0021,1
O0001004,P0127,1
O0001004,P0133,1
O0001005,P0121,2
O0001005,P0030,2
O0001005,P0063,1
O0001005,P0187,2
O0001006,P0038,1
O0001006,P0164,1
O0001006,P0038,1
O0001007,P0023,2
O0001008,P0151,2
O0001008,P0058,1
O0001009,P0176,1
O0001009,P0134,1
O0001009,P0107,1
O0001010,P0174,1
O0001010,P0087,1
O0001011,P0143,1
O0001011,P0001,1
O0001012,P0100,1
O0001013,P0092,1
O0001013,P0033,1
O0001014,P0110,1
O0001014,P0152,1
O0001015,P0070,1
O0001015,P0142,1
O0001016,P0096,2
O0001016,P0083,1
O0001016,P0198,1
O0001017,P0084,1
O0001018,P0125,2
O0001018,P0084,1
O0001019,P0166,1
O0001019,P0139,2
O0001019,P0191,1
O0001020,P0160,1
O0001020,P0157,1
O0001021,P0030,2
O0001021,P0157,2
O0001022,P0086,1
O0001023,P0139,2
O0001023,P0177,1
O0001024,P0105,1
O0001024,P0078,1
O0001024,P0192,1
O0001024,P0122,1
O0001025,P0166,1
O0001025,P0188,1
O0001025,P0196,1
O0001026,P0135,1
O0001026,P0094,1
O0001027,P0074,1
O0001027,P0135,1
O0001028,P0005,1
O0001029,P0196,1
O0001029,P0047,2
O0001030,P0036,1
O0001031,P0143,1
O0001031,P0039,2
O0001031,P0038,1
O0001032,P0036,1
O0001032,P0115,1
O0001033,P0002,1
O0001033,P0015,1
O0001034,P0084,2
O0001035,P0055,1
O0001035,P0077,2
O0001036,P0188,1
O0001036,P0025,1
O0001037,P0014,1
O0001038,P0137,1
O0001038,P0177,1
O0001038,P0118,1
O0001039,P0163,2
O0001039,P0005,1
O0001040,P0101,1
O0001040,P0145,1
O0001041,P0069,2
O0001042,P0054,2
O0001042,P0175,1
O0001042,P0177,1
O0001043,P0074,1
O0001044,P0062,1
O0001044,P0151,1
O0001044,P0093,1
O0001045,P0016,1
O0001045,P0135,2
O0001046,P0043,1
O0001046,P0172,1
O0001046,P0137,1
O0001047,P0071,1
O0001047,P0080,1
O0001048,P0188,1
O0001049,P0138,1
O0001049,P0127,1
O0001049,P0124,1
O0001049,P0133,1
O0001050,P0051,1
O0001051,P0007,1
O0001052,P0022,1
O0001052,P0024,1
O0001053,P0126,2
O0001053,P0104,1
O0001053,P0042,1
O0001053,P0150,1
O0001054,P0163,1
O0001055,P0116,1
O0001055,P0183,1
O0001056,P0131,1
O0001056,P0111,2
O0001057,P0106,1
O0001058,P0199,1
O0001058,P0019,1
O0001059,P0170,1
O0001059,P0174,1
O0001060,P0072,1
O0001060,P0125,1
O0001061,P0148,1
O0001062,P0033,1
O0001062,P0134,1
O0001062,P0015,1
O0001062,P0069,1
O0001063,P0090,1
O0001064,P0031,1
O0001064,P0006,1
O0001065,P0129,1
O0001065,P0147,2
O0001065,P0015,1
O0001066,P0034,1
O0001067,P0192,2
O0001068,P0083,1
O0001069,P0177,1
O0001069,P0082,1
O0001069,P0174,1
O0001070,P0051,1
O0001070,P0011,2
O0001070,P0004,1
O0001071,P0082,1
O0001071,P0041,1
O0001071,P0192,1
O0001072,P0001,1
O0001072,P0009,1
O0001073,P0167,1
O0001073,P0065,2
O0001073,P0116,2
O0001073,P0017,1
O0001074,P0067,1
O0001074,P0087,1
O0001075,P0001,1
O0001075,P0152,1
O0001075,P0122,2
O0001076,P0148,1
O0001076,P0192,2
O0001077,P0148,2
O0001078,P0124,1
O0001079,P0081,1
O0001080,P0085,1
O0001081,P0168,1
O0001081,P0158,2
O0001082,P0151,1
O0001083,P0023,1
O0001083,P0120,1
O0001084,P0056,1
O0001085,P0047,1
O0001085,P0145,1
O0001086,P0002,1
O0001086,P0106,1
O0001086,P0033,1
O0001086,P0108,1
O0001087,P0015,2
O0001087,P0032,2
O0001088,P0106,1
O0001089,P0162,1
O0001090,P0188,1
O0001090,P0031,1
O0001090,P0015,2
O0001091,P0148,1
O0001092,P0106,1
O0001092,P0031,1
O0001093,P0002,1
O0001093,P0013,2
O0001093,P0096,1
O0001094,P0113,1
O0001095,P0144,1
O0001095,P0015,1
O0001096,P0025,1
O0001097,P0076,1
O0001098,P0028,1
O0001099,P0105,1
O0001099,P0012,1
O0001100,P0121,1
O0001100,P0182,1
O0001100,P0186,1
O0001101,P0113,1
O0001101,P0144,1
O0001102,P0190,2
O0001102,P0074,2
O0001103,P0138,1
O0001104,P0194,1
O0001105,P0091,1
O0001105,P0052,2
O0001106,P0030,1
O0001106,P0097,2
O0001106,P0016,1
O0001107,P0138,1
O0001108,P0143,1
O0001108,P0026,2
O0001109,P0189,1
O0001109,P0015,1
O0001109,P0134,1
O0001110,P0109,1
O0001110,P0129,1
O0001111,P0114,2
O0001111,P0087,2
O0001112,P0163,2
O0001112,P0124,2
O0001113,P0107,2
O0001114,P0089,1
O0001115,P0129,1
O0001116,P0089,1
O0001117,P0038,1
O0001117,P0041,2
O0001117,P0140,1
O0001118,P0192,1
O0001118,P0138,2
O0001119,P0155,2
O0001119,P0167,1
O0001119,P0199,2
O0001120,P0070,1
O0001121,P0045,1
O0001121,P0011,1
O0001121,P0024,1
O0001122,P0057,1
O0001123,P0040,2
O0001124,P0089,1
O0001124,P0037,1
O0001125,P0003,1
O0001125,P0196,2
O0001125,P0068,1
O0001125,P0121,1
O0001126,P0129,1
O0001126,P0094,2
O0001127,P0045,2
O0001127,P0031,1
O0001128,P0037,1
O0001128,P0114,2
O0001129,P0197,1
O0001129,P0043,2
O0001130,P0085,1
O0001131,P0099,2
O0001131,P0004,1
O0001132,P0199,1
O0001132,P0122,1
O0001133,P0029,1
O0001133,P0100,1
O0001133,P0099,1
O0001134,P0096,1
O0001135,P0106,1
O0001135,P0139,2
O0001136,P0033,1
O0001136,P0181,1
O0001137,P0121,1
O0001137,P0017,1
O0001138,P0140,1
O0001138,P0001,1
O0001139,P0184,1
O0001139,P0023,2
O0001139,P0007,2
O0001140,P0078,1
O0001140,P0169,1
O0001141,P0053,1
O0001142,P0007,2
O0001142,P0098,1
O0001142,P0194,1
O0001143,P0084,1
O0001143,P0074,2
O0001143,P0181,1
O0001143,P0005,1
O0001144,P0097,1
O0001145,P0101,1
O0001145,P0164,1
O0001145,P0044,1
O0001146,P0110,1
O0001146,P0122,1
O0001147,P0139,1
O0001147,P0192,1
O0001148,P0149,1
O0001148,P0132,2
O0001148,P0089,1
O0001149,P0035,1
O0001149,P0035,1
O0001149,P0035,1
O0001149,P0167,1
O0001150,P0033,1
O0001151,P0077,1
O0001151,P0068,2
O0001152,P0121,1
O0001152,P0172,1
O0001152,P0051,1
O0001153,P0038,1
O0001153,P0042,1
O0001154,P0173,1
O0001155,P0030,1
O0001155,P0163,1
O0001155,P0028,1
O0001155,P0169,1
O0001156,P0106,1
O0001157,P0173,1
O0001157,P0048,1
O0001158,P0055,2
O0001158,P0136,1
O0001159,P0154,2
O0001159,P0107,1
O0001160,P0125,1
O0001161,P0115,1
O0001162,P0157,1
O0001163,P0055,1
O0001163,P0194,1
O0001163,P0070,2
O0001164,P0048,1
O0001164,P0007,1
O0001165,P0075,1
O0001165,P0123,1
O0001165,P0080,1
O0001166,P0134,1
O0001166,P0165,1
O0001167,P0137,1
O0001168,P0003,1
O0001168,P0181,1
O0001168,P0093,1
O0001168,P0117,1
O0001169,P0136,1
O0001170,P0168,1
O0001170,P0017,1
O0001171,P0126,1
O0001171,P0108,1
O0001171,P0198,1
O0001172,P0047,1
O0001173,P0011,1
O0001174,P0138,1
O0001174,P0061,1
O0001174,P0130,1
O0001175,P0157,1
O0001176,P0070,2
O0001176,P0051,1
O0001177,P0073,1
O0001177,P0128,1
O0001177,P0194,1
O0001178,P0068,1
O0001178,P0057,1
O0001178,P0169,1
O0001178,P0094,1
O0001179,P0192,2
O0001180,P0132,2
O0001181,P0129,1
O0001181,P0007,2
O0001181,P0082,1
O0001182,P0136,1
O0001183,P0094,1
O0001183,P0079,2
O0001184,P0186,1
O0001184,P0010,1
O0001185,P0110,1
O0001185,P0194,1
O0001186,P0106,1
O0001186,P0115,2
O0001187,P0150,1
O0001187,P0180,1
O0001187,P0177,1
O0001188,P0067,1
O0001189,P0004,1
O0001189,P0089,2
O0001190,P0185,1
O0001191,P0069,1
O0001192,P0053,1
O0001193,P0183,1
O0001193,P0152,1
O0001194,P0083,2
O0001194,P0127,1
O0001194,P0140,1
O0001194,P0183,1
O0001195,P0047,1
O0001195,P0027,1
O0001195,P0146,2
O0001196,P0051,1
O0001197,P0087,1
O0001197,P0188,1
O0001197,P0185,1
O0001198,P0121,1
O0001199,P0067,1
O0001199,P0002,2
O0001199,P0139,2
O0001200,P0101,1
O0001200,P0141,1
O0001200,P0168,1
O0001201,P0134,1
O0001202,P0012,1
O0001203,P0043,1
O0001204,P0072,1
O0001205,P0073,1
O0001205,P0004,1
O0001206,P0165,1
O0001207,P0164,1
O0001208,P0032,2
O0001208,P0185,2
O0001209,P0140,1
O0001209,P0146,1
O0001209,P0189,1
O0001210,P0031,2
O0001210,P0168,1
O0001211,P0107,1
O0001211,P0174,1
O0001212,P0167,1
O0001213,P0063,2
O0001213,P0055,1
O0001214,P0040,1
O0001215,P0157,2
O0001215,P0139,1
O0001215,P0097,1
O0001215,P0039,1
O0001216,P0172,2
O0001217,P0020,1
O0001218,P0096,1
O0001219,P0085,1
O0001219,P0101,2
O0001219,P0027,1
O0001220,P0038,1
O0001220,P0087,1
O0001221,P0098,1
O0001221,P0076,1
O0001221,P0011,2
O0001222,P0164,1
O0001222,P0160,1
O0001223,P0107,1
O0001223,P0190,1
O0001223,P0124,1
O0001223,P0016,1
O0001224,P0042,1
O0001225,P0159,1
O0001226,P0070,1
O0001226,P0013,1
O0001226,P0036,1
O0001227,P0075,1
O0001227,P0139,2
O0001228,P0124,1
O0001228,P0126,1
O0001229,P0048,1
O0001229,P0148,1
O0001230,P0157,1
O0001230,P0019,1
O0001231,P0125,1
O0001231,P0134,1
O0001231,P0056,1
O0001231,P0127,2
O0001232,P0100,1
O0001232,P0119,2
O0001232,P0146,1
O0001232,P0042,1
O0001233,P0060,1
O0001234,P0056,1
O0001234,P0003,1
O0001235,P0167,1
O0001235,P0043,1
O0001236,P0156,1
O0001236,P0170,1
O0001237,P0137,2
O0001238,P0084,1
O0001238,P0018,1
O0001239,P0089,1
O0001239,P0021,2
O0001239,P0154,1
O0001239,P0023,1
O0001240,P0138,1
O0001241,P0172,1
O0001241,P0013,1
O0001241,P0181,1
O0001242,P0037,1
O0001243,P0184,1
O0001243,P0187,2
O0001244,P0140,2
O0001244,P0003,1
O0001245,P0142,1
O0001246,P0163,1
O0001246,P0098,1
O0001246,P0093,1
O0001247,P0158,2
O0001247,P0071,1
O0001247,P0118,1
O0001247,P0194,1
O0001248,P0146,1
O0001248,P0026,1
O0001249,P0174,1
O0001249,P0140,1
O0001250,P0186,1
O0001250,P0057,1
O0001251,P0160,1
O0001252,P0113,2
O0001253,P0064,2
O0001253,P0066,1
O0001253,P0165,1
O0001254,P0142,1
O0001254,P0138,1
O0001255,P0104,1
O0001256,P0193,1
O0001256,P0064,1
O0001256,P0169,2
O0001256,P0119,1
O0001257,P0021,1
O0001258,P0197,1
O0001259,P0009,1
O0001259,P0137,1
O0001259,P0146,1
O0001260,P0120,1
O0001260,P0069,1
O0001261,P0062,2
O0001261,P0144,1
O0001262,P0121,1
O0001263,P0004,1
O0001263,P0149,1
O0001263,P0119,1
O0001263,P0114,1
O0001264,P0101,1
O0001265,P0172,1
O0001266,P0113,1
O0001267,P0076,1
O0001267,P0155,1
O0001268,P0162,2
O0001268,P0004,2
O0001268,P0051,1
O0001269,P0130,1
O0001270,P0160,1
O0001271,P0130,1
O0001271,P0058,1
O0001272,P0150,1
O0001272,P0019,1
O0001272,P0020,1
O0001272,P0100,1
O0001273,P0146,2
O0001274,P0178,1
O0001274,P0014,2
O0001275,P0020,2
O0001275,P0045,2
O0001276,P0088,1
O0001276,P0047,1
O0001276,P0057,2
O0001277,P0031,2
O0001277,P0180,1
O0001277,P0100,1
O0001278,P0046,1
O0001279,P0135,1
O0001279,P0049,1
O0001280,P0151,1
O0001281,P0041,1
O0001281,P0132,1
O0001282,P0095,2
O0001283,P0082,1
O0001284,P0109,1
O0001285,P0159,2
O0001285,P0047,1
O0001285,P0100,1
O0001285,P0018,1
O0001286,P0007,1
O0001286,P0038,1
O0001286,P0173,1
O0001287,P0028,1
O0001288,P0187,1
O0001289,P0018,1
