last_name,first_name,sex,birthdate,doc_number,expiry,is_adult,file
RICHARD,JEAN,M,1989-09-21,ID2288937,2035-09-07,1,id_0000.png
DURAND,PAUL,M,1963-06-05,ID8414487,2035-10-17,1,id_0001.png
BERNARD,NOAH,F,1970-04-06,ID6897756,2035-01-03,1,id_0002.png
BERNARD,CHLOE,F,2009-06-23,ID5836389,2035-09-24,0,id_0003.png
DUBOIS,PAUL,F,2008-07-04,ID4906904,2035-07-24,0,id_0004.png
LEROY,HUGO,M,1995-05-22,ID9353359,2035-08-17,1,id_0005.png
RICHARD,NINA,M,2004-01-19,ID1756962,2035-03-27,1,id_0006.png
RICHARD,EMMA,M,1987-10-04,ID9193298,2035-02-23,1,id_0007.png
ROBERT,EMMA,M,1995-07-13,ID5215523,2035-10-17,1,id_0008.png
ROBERT,HUGO,M,1972-07-14,ID1620819,2035-04-06,1,id_0009.png
DUBOIS,LUC,F,1996-04-09,ID8373173,2035-07-09,1,id_0010.png
THOMAS,HUGO,M,1956-11-14,ID1568440,2035-05-28,1,id_0011.png
RICHARD,HUGO,M,1960-03-09,ID3910495,2035-11-19,1,id_0012.png
DUBOIS,LEA,M,2010-12-16,ID7410129,2035-03-14,0,id_0013.png
DURAND,PAUL,F,2007-05-17,ID7391073,2035-05-13,1,id_0014.png
THOMAS,JEAN,F,2011-01-16,ID5365833,2035-03-23,0,id_0015.png
MOREAU,MARIE,M,1998-01-03,ID8721431,2035-12-22,1,id_0016.png
ROBERT,NOAH,F,1985-11-04,ID7164902,2035-09-07,1,id_0017.png
LEROY,MARIE,M,1981-02-15,ID5251016,2035-06-09,1,id_0018.png
MOREAU,HUGO,M,1968-10-12,ID7626953,2035-05-03,1,id_0019.png
PETIT,EMMA,M,2008-10-24,ID5878387,2035-01-16,0,id_0020.png
THOMAS,NOAH,F,1989-12-24,ID2446060,2035-11-16,1,id_0021.png
DURAND,HUGO,F,2001-10-20,ID2709062,2035-09-02,1,id_0022.png
PETIT,EMMA,M,2009-09-26,ID7069566,2035-01-15,0,id_0023.png
PETIT,LEA,M,2002-01-18,ID6611860,2035-07-24,1,id_0024.png
ROBERT,NOAH,F,1962-07-17,ID5154597,2035-02-11,1,id_0025.png
LEROY,CHLOE,F,2011-08-16,ID1547061,2035-12-06,0,id_0026.png
PETIT,HUGO,F,1959-03-17,ID8733225,2035-08-22,1,id_0027.png
MOREAU,HUGO,F,1956-09-20,ID6375942,2035-07-19,1,id_0028.png
BERNARD,JEAN,F,1992-10-19,ID4967662,2035-08-17,1,id_0029.png
MOREAU,NINA,F,2007-01-16,ID5585262,2035-10-09,1,id_0030.png
MARTIN,NOAH,M,2007-01-22,ID3911451,2035-07-18,1,id_0031.png
DURAND,PAUL,F,1990-08-23,ID4507886,2035-01-07,1,id_0032.png
MARTIN,LEA,F,1990-07-18,ID8530646,2035-06-01,1,id_0033.png
MOREAU,MARIE,F,2004-01-13,ID6255956,2035-12-03,1,id_0034.png
THOMAS,CHLOE,M,1985-07-16,ID8459558,2035-03-08,1,id_0035.png
PETIT,PAUL,F,2001-08-26,ID1707866,2035-08-08,1,id_0036.png
MARTIN,LUC,M,2012-01-27,ID3302564,2035-07-21,0,id_0037.png
DURAND,LEA,F,1957-08-26,ID2088389,2035-03-17,1,id_0038.png
MARTIN,HUGO,M,1980-08-15,ID8256240,2035-07-12,1,id_0039.png
ROBERT,NINA,M,2009-07-27,ID1199493,2035-08-21,0,id_0040.png
MARTIN,LUC,F,1986-10-21,ID7557976,2035-07-07,1,id_0041.png
BERNARD,EMMA,F,1999-04-10,ID8251124,2035-12-22,1,id_0042.png
THOMAS,NOAH,F,1982-12-02,ID5021419,2035-03-09,1,id_0043.png
DURAND,HUGO,M,2003-02-18,ID5065012,2035-12-15,1,id_0044.png
DUBOIS,PAUL,F,1995-02-01,ID8074662,2035-01-01,1,id_0045.png
ROBERT,NOAH,M,2005-02-07,ID7897060,2035-05-25,1,id_0046.png
ROBERT,LEA,F,1983-04-21,ID1635969,2035-04-24,1,id_0047.png
MOREAU,CHLOE,F,2011-09-03,ID8151117,2035-12-15,0,id_0048.png
DURAND,NINA,M,1989-07-18,ID9067229,2035-02-11,1,id_0049.png
MARTIN,PAUL,F,1963-11-21,ID3481086,2035-05-20,1,id_0050.png
THOMAS,HUGO,F,2012-02-25,ID8010185,2035-09-14,0,id_0051.png
BERNARD,JEAN,F,1990-01-22,ID1702283,2035-02-07,1,id_0052.png
DUBOIS,JEAN,M,2006-11-12,ID1767629,2035-12-11,1,id_0053.png
ROBERT,LEA,M,1965-08-22,ID3065243,2035-11-05,1,id_0054.png
THOMAS,CHLOE,F,2001-07-01,ID8727632,2035-06-05,1,id_0055.png
DURAND,PAUL,M,1982-02-17,ID5748621,2035-05-23,1,id_0056.png
PETIT,LEA,F,2000-04-13,ID9197782,2035-05-23,1,id_0057.png
MOREAU,CHLOE,F,2011-11-04,ID4031041,2035-10-23,0,id_0058.png
MARTIN,LEA,F,1995-03-10,ID4610673,2035-03-20,1,id_0059.png
